dc_id,product_id,unit_cost
DC_002,P_135,0.36
DC_002,P_277,0.331
DC_002,P_317,0.936
DC_005,P_135,0.306
DC_005,P_277,0.282
DC_005,P_317,0.797
DC_006,P_135,0.223
DC_006,P_277,0.205
DC_006,P_317,0.581
DC_041,P_135,0.394
DC_041,P_277,0.363
DC_041,P_317,1.025
DC_044,P_135,0.346
DC_044,P_277,0.318
DC_044,P_317,0.9
