dc_id,period_id,capacity
DC_002,1,33754
DC_002,2,33135
DC_002,3,34752
DC_005,1,33936
DC_005,2,34037
DC_005,3,35966
DC_006,1,39767
DC_006,2,39778
DC_006,3,40117
DC_041,1,31887
DC_041,2,32511
DC_041,3,33438
DC_044,1,40027
DC_044,2,40483
DC_044,3,41274
